{
	"id": "3d2e78a7-5e66-48b6-83a3-4b16a795e29e",
	"name": "BillingOrder",
	"values": [
		{
			"key": "baseurl",
			"value": "localhost",
			"enabled": true
		},
		{
			"key": "port",
			"value": "8282",
			"enabled": true
		},
		{
			"key": "id",
			"value": 8,
			"enabled": true
		},
		{
			"key": "firstname",
			"value": "ajit",
			"enabled": true
		},
		{
			"key": "lastname",
			"value": "sharma",
			"enabled": true
		},
		{
			"key": "itemnumber",
			"value": 100,
			"enabled": true
		},
		{
			"key": "addressLine1",
			"value": "29 rodney road",
			"enabled": true
		},
		{
			"key": "addressLine2",
			"value": "albany",
			"enabled": true
		},
		{
			"key": "city",
			"value": "Auckland",
			"enabled": true
		},
		{
			"key": "comment",
			"value": "test comment from postman post script",
			"enabled": true
		},
		{
			"key": "email",
			"value": "ajitsnz@gmail.com",
			"enabled": true
		},
		{
			"key": "phone",
			"value": "1231231232",
			"enabled": true
		},
		{
			"key": "state",
			"value": "AL",
			"enabled": true
		},
		{
			"key": "zipcode",
			"value": "123123",
			"enabled": true
		},
		{
			"key": "addressLine1_",
			"value": "{{addressline1}}",
			"enabled": true
		},
		{
			"key": "addressLine2_",
			"value": "albany",
			"enabled": true
		},
		{
			"key": "city_",
			"value": "Auckland",
			"enabled": true
		},
		{
			"key": "comment_",
			"value": "test comment from postman post script",
			"enabled": true
		},
		{
			"key": "email_",
			"value": "ajitsnz@gmail.com",
			"enabled": true
		},
		{
			"key": "firstname_",
			"value": "ajit",
			"enabled": true
		},
		{
			"key": "itemnumber_",
			"value": 100,
			"enabled": true
		},
		{
			"key": "lastname_",
			"value": "sharma",
			"enabled": true
		},
		{
			"key": "phone_",
			"value": "1231231232",
			"enabled": true
		},
		{
			"key": "state_",
			"value": "AL",
			"enabled": true
		},
		{
			"key": "jsonData",
			"value": {
				"addressLine1": "{{addressline1}}",
				"addressLine2": "albany",
				"city": "Auckland",
				"comment": "test comment from postman post script",
				"email": "ajitsnz@gmail.com",
				"firstName": "ajit",
				"id": 5,
				"itemNumber": 100,
				"lastName": "sharma",
				"phone": "1231231232",
				"state": "AL",
				"zipCode": "123123"
			},
			"enabled": true
		},
		{
			"key": "dataLength",
			"value": 3,
			"enabled": true
		}
	],
	"_postman_variable_scope": "environment",
	"_postman_exported_at": "2020-04-15T06:41:48.446Z",
	"_postman_exported_using": "Postman/7.22.1"
}
